path,name,type,size_bytes,mtime_iso
,ta_lab2,dir,0,2025-11-03T18:30:14+00:00
.gitignore,.gitignore,file,1708,2025-10-31T20:49:23+00:00
API_MAP.md,API_MAP.md,file,10120,2025-11-01T18:21:42+00:00
README.md,README.md,file,684,2025-10-31T15:12:02+00:00
changelog.md,changelog.md,file,1933,2025-11-01T14:13:33+00:00
config.py,config.py,file,8356,2025-11-01T17:51:34+00:00
diff.txt,diff.txt,file,29184,2025-11-01T14:10:55+00:00
full_diff.patch,full_diff.patch,file,418036,2025-11-01T19:14:26+00:00
generate_structure_docs.py,generate_structure_docs.py,file,7561,2025-11-03T18:14:11+00:00
pyproject.toml,pyproject.toml,file,1105,2025-11-01T15:46:49+00:00
pytest.ini,pytest.ini,file,59,2025-11-01T18:27:28+00:00
run_btc.py,run_btc.py,file,1812,2025-11-02T04:33:47+00:00
run_btc_genesis.py,run_btc_genesis.py,file,11301,2025-11-02T04:40:32+00:00
run_spyder_menu.py,run_spyder_menu.py,file,12031,2025-11-03T02:47:46+00:00
shorter_spyder_run_file_2025_11_02.py,shorter_spyder_run_file_2025_11_02.py,file,1546,2025-11-03T02:53:55+00:00
spyder_run_file_2025_11_02.py,spyder_run_file_2025_11_02.py,file,1192,2025-11-03T02:53:31+00:00
src_structure.json,src_structure.json,file,5201,2025-11-01T18:21:42+00:00
structure.csv,structure.csv,file,48352,2025-11-01T18:21:42+00:00
structure.json,structure.json,file,196382,2025-11-04T23:58:43+00:00
structure.md,structure.md,file,30750,2025-11-04T23:58:42+00:00
structure.txt,structure.txt,file,30736,2025-11-04T23:58:42+00:00
-p,-p,dir,0,2025-11-01T15:22:11+00:00
.benchmarks,.benchmarks,dir,0,2025-11-01T15:47:33+00:00
.git,.git,dir,0,2025-11-03T21:47:47+00:00
.git/COMMIT_EDITMSG,COMMIT_EDITMSG,file,81,2025-11-03T04:22:41+00:00
.git/HEAD,HEAD,file,21,2025-11-01T04:07:08+00:00
.git/config,config,file,299,2025-11-01T04:08:09+00:00
.git/description,description,file,73,2025-11-01T03:59:19+00:00
.git/index,index,file,6781,2025-11-03T16:10:10+00:00
.git/hooks,hooks,dir,0,2025-11-01T03:59:19+00:00
.git/hooks/applypatch-msg.sample,applypatch-msg.sample,file,478,2025-11-01T03:59:19+00:00
.git/hooks/commit-msg.sample,commit-msg.sample,file,896,2025-11-01T03:59:19+00:00
.git/hooks/fsmonitor-watchman.sample,fsmonitor-watchman.sample,file,4726,2025-11-01T03:59:19+00:00
.git/hooks/post-update.sample,post-update.sample,file,189,2025-11-01T03:59:19+00:00
.git/hooks/pre-applypatch.sample,pre-applypatch.sample,file,424,2025-11-01T03:59:19+00:00
.git/hooks/pre-commit.sample,pre-commit.sample,file,1649,2025-11-01T03:59:19+00:00
.git/hooks/pre-merge-commit.sample,pre-merge-commit.sample,file,416,2025-11-01T03:59:19+00:00
.git/hooks/pre-push.sample,pre-push.sample,file,1374,2025-11-01T03:59:19+00:00
.git/hooks/pre-rebase.sample,pre-rebase.sample,file,4898,2025-11-01T03:59:19+00:00
.git/hooks/pre-receive.sample,pre-receive.sample,file,544,2025-11-01T03:59:19+00:00
.git/hooks/prepare-commit-msg.sample,prepare-commit-msg.sample,file,1492,2025-11-01T03:59:19+00:00
.git/hooks/push-to-checkout.sample,push-to-checkout.sample,file,2783,2025-11-01T03:59:19+00:00
.git/hooks/sendemail-validate.sample,sendemail-validate.sample,file,2308,2025-11-01T03:59:19+00:00
.git/hooks/update.sample,update.sample,file,3650,2025-11-01T03:59:19+00:00
.git/info,info,dir,0,2025-11-01T03:59:19+00:00
.git/info/exclude,exclude,file,240,2025-11-01T03:59:19+00:00
.git/logs,logs,dir,0,2025-11-01T04:06:54+00:00
.git/logs/HEAD,HEAD,file,6254,2025-11-03T04:22:41+00:00
.git/logs/refs,refs,dir,0,2025-11-01T04:08:09+00:00
.git/logs/refs/heads,heads,dir,0,2025-11-01T04:07:08+00:00
.git/logs/refs/heads/main,main,file,6072,2025-11-03T04:22:41+00:00
.git/logs/refs/remotes,remotes,dir,0,2025-11-01T04:08:09+00:00
.git/logs/refs/remotes/origin,origin,dir,0,2025-11-01T04:08:09+00:00
.git/logs/refs/remotes/origin/main,main,file,3942,2025-11-03T04:22:46+00:00
.git/objects,objects,dir,0,2025-11-03T04:22:41+00:00
.git/objects/00,00,dir,0,2025-11-03T04:22:41+00:00
.git/objects/00/e8cf6f1cfd887e8c9ca45e196d0f32dcaa2588,e8cf6f1cfd887e8c9ca45e196d0f32dcaa2588,file,1748,2025-11-03T04:22:41+00:00
.git/objects/02,02,dir,0,2025-11-03T04:22:41+00:00
.git/objects/02/2e1193d4a1ff44b7bdb7196b3eb775fd2f76ec,2e1193d4a1ff44b7bdb7196b3eb775fd2f76ec,file,641,2025-11-03T04:22:41+00:00
.git/objects/05,05,dir,0,2025-11-01T17:53:06+00:00
.git/objects/05/d0b2aaab358b4353aebaa7d7fb3a812899de52,d0b2aaab358b4353aebaa7d7fb3a812899de52,file,214,2025-11-01T17:53:06+00:00
.git/objects/06,06,dir,0,2025-11-01T16:38:49+00:00
.git/objects/06/81e7542e81e9a4cc916dea946b791c1911a1a4,81e7542e81e9a4cc916dea946b791c1911a1a4,file,50,2025-11-01T16:38:49+00:00
.git/objects/0c,0c,dir,0,2025-11-01T17:19:39+00:00
.git/objects/0c/1316d607d63503b3aba0d249e5fa1fe8605a63,1316d607d63503b3aba0d249e5fa1fe8605a63,file,202,2025-11-01T17:19:39+00:00
.git/objects/0e,0e,dir,0,2025-11-01T03:59:48+00:00
.git/objects/0e/500fad8a4cf5ada11c0b5de5dbd2e72c3390e8,500fad8a4cf5ada11c0b5de5dbd2e72c3390e8,file,131,2025-11-01T03:59:48+00:00
.git/objects/0f,0f,dir,0,2025-11-03T03:17:27+00:00
.git/objects/0f/58de904a50d4c9e895594e5dddd85e3805bd7d,58de904a50d4c9e895594e5dddd85e3805bd7d,file,3300,2025-11-03T03:17:27+00:00
.git/objects/0f/79c7ecbc5c389b42795124d4188614f146e490,79c7ecbc5c389b42795124d4188614f146e490,file,474,2025-11-01T17:29:55+00:00
.git/objects/13,13,dir,0,2025-11-01T17:22:38+00:00
.git/objects/13/52163bb6d1986d22598896bfc6fc5131713b4b,52163bb6d1986d22598896bfc6fc5131713b4b,file,49,2025-11-01T17:22:38+00:00
.git/objects/13/72ae02857d42ddc57407319c53e2e59aee1586,72ae02857d42ddc57407319c53e2e59aee1586,file,308,2025-11-01T17:16:25+00:00
.git/objects/13/fc3735e1af78b092c3b8bc540daf2478d76322,fc3735e1af78b092c3b8bc540daf2478d76322,file,218,2025-11-01T03:59:38+00:00
.git/objects/16,16,dir,0,2025-11-01T16:38:49+00:00
.git/objects/16/541e78a2d06de7a2b7e83a7d8d2a07aa8476e1,541e78a2d06de7a2b7e83a7d8d2a07aa8476e1,file,309,2025-11-01T16:38:49+00:00
.git/objects/16/f47b9fa519e538051ccc548b37f45928086bf9,f47b9fa519e538051ccc548b37f45928086bf9,file,367,2025-11-01T16:10:27+00:00
.git/objects/18,18,dir,0,2025-11-03T04:22:41+00:00
.git/objects/18/086b3d78ead3e89e2c76c497fa1343c2f06218,086b3d78ead3e89e2c76c497fa1343c2f06218,file,3016,2025-11-03T04:22:41+00:00
.git/objects/18/35cd19654eb3a841b3e52dda6de8770fc4088f,35cd19654eb3a841b3e52dda6de8770fc4088f,file,49,2025-11-01T16:54:14+00:00
.git/objects/18/ce4c37198cc80657b40e942fa38e12c885a722,ce4c37198cc80657b40e942fa38e12c885a722,file,49,2025-11-01T16:10:27+00:00
.git/objects/1a,1a,dir,0,2025-11-01T17:27:55+00:00
.git/objects/1a/2e6f1c13169e8d58b15b1fe6c9c45485f3598f,2e6f1c13169e8d58b15b1fe6c9c45485f3598f,file,54,2025-11-01T17:11:21+00:00
.git/objects/1a/54c1bab42c6dde25495b0cb7e8311b49496312,54c1bab42c6dde25495b0cb7e8311b49496312,file,217,2025-11-01T17:27:55+00:00
.git/objects/1a/6b0bd56cb7014b42ffe44edcaa5cd474417c88,6b0bd56cb7014b42ffe44edcaa5cd474417c88,file,138,2025-11-01T03:59:38+00:00
.git/objects/1b,1b,dir,0,2025-11-01T15:12:33+00:00
.git/objects/1b/001568c4e27bbf53aac51afb2602cce15803d1,001568c4e27bbf53aac51afb2602cce15803d1,file,57,2025-11-01T15:12:33+00:00
.git/objects/1b/8350c38a04f27e53ca47dcec80cf4f0dd985ef,8350c38a04f27e53ca47dcec80cf4f0dd985ef,file,563,2025-11-01T14:05:06+00:00
.git/objects/1b/dc623f9d098267bb8bbddf0e58992f8cad904d,dc623f9d098267bb8bbddf0e58992f8cad904d,file,92,2025-11-01T14:05:06+00:00
.git/objects/1d,1d,dir,0,2025-11-01T03:59:38+00:00
.git/objects/1d/16d546d32e5cc0e850de211407674788e0b71f,16d546d32e5cc0e850de211407674788e0b71f,file,454,2025-11-01T03:59:38+00:00
.git/objects/1e,1e,dir,0,2025-11-01T17:29:55+00:00
.git/objects/1e/0fa8d1f70827c4643e401661ec775f36bfa86f,0fa8d1f70827c4643e401661ec775f36bfa86f,file,298,2025-11-01T03:59:48+00:00
.git/objects/1e/85f24493741e6d0e0d34c828a571cca5bfa6ea,85f24493741e6d0e0d34c828a571cca5bfa6ea,file,211,2025-11-01T17:29:55+00:00
.git/objects/1e/e7cbeb176f684d0f6addc66930a389c5488c13,e7cbeb176f684d0f6addc66930a389c5488c13,file,308,2025-11-01T17:29:55+00:00
.git/objects/1f,1f,dir,0,2025-11-03T04:22:41+00:00
.git/objects/1f/59bce670ef04f1ebf3c8a4cbc62b6abea013a8,59bce670ef04f1ebf3c8a4cbc62b6abea013a8,file,308,2025-11-01T17:27:55+00:00
.git/objects/1f/ed82dae132e45121667fecb762f6c3c7da767e,ed82dae132e45121667fecb762f6c3c7da767e,file,1556,2025-11-03T04:22:41+00:00
.git/objects/20,20,dir,0,2025-11-01T19:04:38+00:00
.git/objects/20/80e5c97886e9ad0c886bc1fe7ccd94e0afe505,80e5c97886e9ad0c886bc1fe7ccd94e0afe505,file,309,2025-11-01T19:04:38+00:00
.git/objects/22,22,dir,0,2025-11-01T17:19:31+00:00
.git/objects/22/56d90979ceb0cc24508ab64e7a5f64963b9b16,56d90979ceb0cc24508ab64e7a5f64963b9b16,file,1904,2025-11-01T17:19:31+00:00
.git/objects/23,23,dir,0,2025-11-01T15:52:09+00:00
.git/objects/23/bed1dae10df9a22ac45551ec9ab8d9ab9a6109,bed1dae10df9a22ac45551ec9ab8d9ab9a6109,file,50,2025-11-01T15:52:09+00:00
.git/objects/24,24,dir,0,2025-11-01T17:29:47+00:00
.git/objects/24/85775d0d5285146f2dd146c51a4c629c46a21c,85775d0d5285146f2dd146c51a4c629c46a21c,file,1690,2025-11-01T17:29:47+00:00
.git/objects/26,26,dir,0,2025-11-01T03:59:38+00:00
.git/objects/26/e21821ad168739a741bbfba0b11c685ae14e5c,e21821ad168739a741bbfba0b11c685ae14e5c,file,2698,2025-11-01T03:59:38+00:00
.git/objects/28,28,dir,0,2025-11-01T15:12:22+00:00
.git/objects/28/766370211a2741d6d268162620aefa30f5f88e,766370211a2741d6d268162620aefa30f5f88e,file,1905,2025-11-01T15:12:22+00:00
.git/objects/29,29,dir,0,2025-11-01T19:04:37+00:00
.git/objects/29/9cf6db80dbe60855c8590b03df975c10998b61,9cf6db80dbe60855c8590b03df975c10998b61,file,1690,2025-11-01T17:22:32+00:00
.git/objects/29/e17ebc09c7b208334f07ffc2888674b5ba1f16,e17ebc09c7b208334f07ffc2888674b5ba1f16,file,1543,2025-11-01T19:04:37+00:00
.git/objects/2a,2a,dir,0,2025-11-01T17:05:18+00:00
.git/objects/2a/600c6f9be97c58341a76a6364bd9d2777413ad,600c6f9be97c58341a76a6364bd9d2777413ad,file,446,2025-11-01T17:05:18+00:00
.git/objects/2a/aa5a0762b80c23366277e1165700ded2bbfbc4,aa5a0762b80c23366277e1165700ded2bbfbc4,file,309,2025-11-01T14:51:56+00:00
.git/objects/2b,2b,dir,0,2025-11-03T04:22:41+00:00
.git/objects/2b/093c518def015fb712fd412fd0fb4e5d84b7ca,093c518def015fb712fd412fd0fb4e5d84b7ca,file,199,2025-11-03T04:22:41+00:00
.git/objects/2d,2d,dir,0,2025-11-01T03:59:38+00:00
.git/objects/2d/995600390e9adbc3608aa054cb17f81deb930c,995600390e9adbc3608aa054cb17f81deb930c,file,1612,2025-11-01T03:59:38+00:00
.git/objects/30,30,dir,0,2025-11-01T16:54:15+00:00
.git/objects/30/003833691449fcf75559cd021e3d90608a462e,003833691449fcf75559cd021e3d90608a462e,file,446,2025-11-01T16:54:15+00:00
.git/objects/31,31,dir,0,2025-11-01T03:59:38+00:00
.git/objects/31/31e8dae69807372eb523a15889905a913addd0,31e8dae69807372eb523a15889905a913addd0,file,490,2025-11-01T03:59:38+00:00
.git/objects/32,32,dir,0,2025-11-03T04:22:41+00:00
.git/objects/32/a3b2e7acf4d177cd48486ed6fa20d00cf07eb0,a3b2e7acf4d177cd48486ed6fa20d00cf07eb0,file,310,2025-11-01T16:10:27+00:00
.git/objects/32/f4ccd859f9c8a243c871939531b889aa42a4cc,f4ccd859f9c8a243c871939531b889aa42a4cc,file,53,2025-11-03T04:22:41+00:00
.git/objects/33,33,dir,0,2025-11-01T17:11:21+00:00
.git/objects/33/3e9afa96421babc6504bb1ab911759b1164d26,3e9afa96421babc6504bb1ab911759b1164d26,file,474,2025-11-01T17:11:21+00:00
.git/objects/35,35,dir,0,2025-11-01T17:53:06+00:00
.git/objects/35/0c79453fa60fb9ac0509ad899347943de7e002,0c79453fa60fb9ac0509ad899347943de7e002,file,1843,2025-11-01T03:59:38+00:00
.git/objects/35/368cbc614e36b272bd8168a2a0ec6495b874ea,368cbc614e36b272bd8168a2a0ec6495b874ea,file,56,2025-11-01T17:53:06+00:00
.git/objects/35/3e615c159c03677f36fbe48a9d094fa92caeba,3e615c159c03677f36fbe48a9d094fa92caeba,file,50,2025-11-01T17:16:25+00:00
.git/objects/35/b4b137fbfda80f1e5a2ecb938a92b27783d526,b4b137fbfda80f1e5a2ecb938a92b27783d526,file,247,2025-11-01T14:06:32+00:00
.git/objects/36,36,dir,0,2025-11-01T16:13:36+00:00
.git/objects/36/7a48ede7399fc23ddf15b14af11c297ed37ebc,7a48ede7399fc23ddf15b14af11c297ed37ebc,file,196,2025-11-01T16:13:36+00:00
.git/objects/38,38,dir,0,2025-11-01T17:35:53+00:00
.git/objects/38/5262348f40ba23f16dceefd138751a3ea22d75,5262348f40ba23f16dceefd138751a3ea22d75,file,49,2025-11-01T17:35:53+00:00
.git/objects/39,39,dir,0,2025-11-01T03:59:48+00:00
.git/objects/39/40f82c7b951e0cf7d207ea318cef1be7523b9b,40f82c7b951e0cf7d207ea318cef1be7523b9b,file,368,2025-11-01T03:59:48+00:00
.git/objects/3a,3a,dir,0,2025-11-01T03:59:38+00:00
.git/objects/3a/b7b119791c022a861786f00bd042149303a186,b7b119791c022a861786f00bd042149303a186,file,428,2025-11-01T03:59:38+00:00
.git/objects/3b,3b,dir,0,2025-11-03T03:19:09+00:00
.git/objects/3b/25628282f6c1cab599242a32f2810224cf3c20,25628282f6c1cab599242a32f2810224cf3c20,file,1057,2025-11-03T03:19:09+00:00
.git/objects/3c,3c,dir,0,2025-11-01T19:04:37+00:00
.git/objects/3c/95784080e55c5d0818a5d411dcad0ed04e1d54,95784080e55c5d0818a5d411dcad0ed04e1d54,file,629,2025-11-01T19:04:37+00:00
.git/objects/3e,3e,dir,0,2025-11-01T03:59:48+00:00
.git/objects/3e/f84ade56705bae952cf69f489d79ce87a41b6b,f84ade56705bae952cf69f489d79ce87a41b6b,file,49,2025-11-01T03:59:48+00:00
.git/objects/3f,3f,dir,0,2025-11-01T14:25:23+00:00
.git/objects/3f/dde6025fd70aa7fecfd96684134955cd5a501a,dde6025fd70aa7fecfd96684134955cd5a501a,file,178,2025-11-01T14:25:23+00:00
.git/objects/40,40,dir,0,2025-11-01T14:06:32+00:00
.git/objects/40/30c6d8d99a074041a308e8c7d2bd094521b08d,30c6d8d99a074041a308e8c7d2bd094521b08d,file,57,2025-11-01T14:06:32+00:00
.git/objects/41,41,dir,0,2025-11-01T14:06:32+00:00
.git/objects/41/2dfa42783dcb50b3088c539a83b3400586ac76,2dfa42783dcb50b3088c539a83b3400586ac76,file,49,2025-11-01T14:06:32+00:00
.git/objects/44,44,dir,0,2025-11-01T16:21:08+00:00
.git/objects/44/d6b795dd3fa358ce30f09a4f4ad00b8783fc7f,d6b795dd3fa358ce30f09a4f4ad00b8783fc7f,file,192,2025-11-01T16:21:08+00:00
.git/objects/46,46,dir,0,2025-11-01T19:04:38+00:00
.git/objects/46/6df71c83b8a7e33fc928e10a3b357954ff91b3,6df71c83b8a7e33fc928e10a3b357954ff91b3,file,35,2025-11-01T14:25:17+00:00
.git/objects/46/88f6e18169b2c43b2ab2cd698898ca548967f9,88f6e18169b2c43b2ab2cd698898ca548967f9,file,244,2025-11-01T19:04:37+00:00
.git/objects/47,47,dir,0,2025-11-03T04:22:41+00:00
.git/objects/47/4c5c5fdf80f028e32a19f1b5c1539becaa9a6f,4c5c5fdf80f028e32a19f1b5c1539becaa9a6f,file,241,2025-11-01T14:25:17+00:00
.git/objects/47/7450ce27a2d6ec9fc62d11041949996bd2d3de,7450ce27a2d6ec9fc62d11041949996bd2d3de,file,4697,2025-11-03T04:22:41+00:00
.git/objects/49,49,dir,0,2025-11-03T04:22:41+00:00
.git/objects/49/16922dfb153cd49f6df3eafbdf8c4b14f50675,16922dfb153cd49f6df3eafbdf8c4b14f50675,file,120,2025-11-03T04:22:41+00:00
.git/objects/49/1984b0ab665918d9dbe14a1459e79aeef62b84,1984b0ab665918d9dbe14a1459e79aeef62b84,file,49,2025-11-01T15:12:33+00:00
.git/objects/4d,4d,dir,0,2025-11-01T19:04:38+00:00
.git/objects/4d/7089c04e71948fffbea4893c1d1adbd6ac4528,7089c04e71948fffbea4893c1d1adbd6ac4528,file,294,2025-11-01T19:04:38+00:00
.git/objects/4d/93773f9e75598f1367e33af3cd041ef3c365aa,93773f9e75598f1367e33af3cd041ef3c365aa,file,473,2025-11-01T17:19:39+00:00
.git/objects/4d/a5e136d5ed61ddb33238828c4753b13c426b5f,a5e136d5ed61ddb33238828c4753b13c426b5f,file,243,2025-11-01T03:59:38+00:00
.git/objects/4e,4e,dir,0,2025-11-01T19:04:38+00:00
.git/objects/4e/142f23a10836fcbca3d51bf2f55002160b3481,142f23a10836fcbca3d51bf2f55002160b3481,file,2103,2025-11-01T16:49:36+00:00
.git/objects/4e/77aec7f04b8647027881b66ba2d7c0b75e9443,77aec7f04b8647027881b66ba2d7c0b75e9443,file,573,2025-11-01T19:04:38+00:00
.git/objects/4f,4f,dir,0,2025-11-01T17:35:53+00:00
.git/objects/4f/df728e8a369bc94d786c1d9ba64212d24a2f16,df728e8a369bc94d786c1d9ba64212d24a2f16,file,366,2025-11-01T17:35:53+00:00
.git/objects/50,50,dir,0,2025-11-03T04:22:41+00:00
.git/objects/50/2af742f5b8ca88005a9447478cca6ec72db352,2af742f5b8ca88005a9447478cca6ec72db352,file,139,2025-11-01T14:25:23+00:00
.git/objects/50/a0575478c1a5196cd18d3d9de5705add6fa78a,a0575478c1a5196cd18d3d9de5705add6fa78a,file,2141,2025-11-01T14:05:06+00:00
.git/objects/50/a615e648856eabe9bca56f81bcf20d0dda8d4c,a615e648856eabe9bca56f81bcf20d0dda8d4c,file,446,2025-11-01T16:05:26+00:00
.git/objects/50/d03a181b7d6459a60f2f3701e89934effd4df4,d03a181b7d6459a60f2f3701e89934effd4df4,file,892,2025-11-03T04:22:41+00:00
.git/objects/51,51,dir,0,2025-11-01T14:51:56+00:00
.git/objects/51/6b06b3e114154e82986f2b1f96a6ec29f69260,6b06b3e114154e82986f2b1f96a6ec29f69260,file,247,2025-11-01T14:51:56+00:00
.git/objects/52,52,dir,0,2025-11-01T16:21:08+00:00
.git/objects/52/d7f5409a17b1c7e523eb3f7bd26eacfd172353,d7f5409a17b1c7e523eb3f7bd26eacfd172353,file,199,2025-11-01T16:21:08+00:00
.git/objects/53,53,dir,0,2025-11-01T19:04:37+00:00
.git/objects/53/09d9dba6f6c136ea3f91b8a45197a148a95de7,09d9dba6f6c136ea3f91b8a45197a148a95de7,file,619,2025-11-01T19:04:37+00:00
.git/objects/53/aeb7ecd4abbca0a763c1446f8356cc09877387,aeb7ecd4abbca0a763c1446f8356cc09877387,file,151,2025-11-01T03:59:38+00:00
.git/objects/56,56,dir,0,2025-11-01T17:05:11+00:00
.git/objects/56/0e7e8e38053e1917770d3624b16063258de50f,0e7e8e38053e1917770d3624b16063258de50f,file,2999,2025-11-01T17:05:11+00:00
.git/objects/56/c1eca2c3f9090dffeb04f71d92e11e1f60fe20,c1eca2c3f9090dffeb04f71d92e11e1f60fe20,file,355,2025-11-01T14:06:32+00:00
.git/objects/56/d317c792e73fa9ec993680ce805228db3f7372,d317c792e73fa9ec993680ce805228db3f7372,file,190,2025-11-01T03:59:38+00:00
.git/objects/59,59,dir,0,2025-11-01T18:01:51+00:00
.git/objects/59/de3287f7078cb10f755cf19a5578a055f6aa09,de3287f7078cb10f755cf19a5578a055f6aa09,file,232,2025-11-01T18:01:51+00:00
.git/objects/5a,5a,dir,0,2025-11-01T03:59:38+00:00
.git/objects/5a/f57d49cd39ca9910aa37361068428f1a5d7f16,f57d49cd39ca9910aa37361068428f1a5d7f16,file,269,2025-11-01T03:59:38+00:00
.git/objects/5c,5c,dir,0,2025-11-01T19:04:37+00:00
.git/objects/5c/00f954fba5b7173e6232602e94835a65f4cd51,00f954fba5b7173e6232602e94835a65f4cd51,file,3906,2025-11-01T19:04:37+00:00
.git/objects/5d,5d,dir,0,2025-11-01T17:19:39+00:00
.git/objects/5d/7147ebce62d603a725a5c737180a79d6a8a784,7147ebce62d603a725a5c737180a79d6a8a784,file,367,2025-11-01T17:19:39+00:00
.git/objects/5e,5e,dir,0,2025-11-01T16:05:26+00:00
.git/objects/5e/20aea0cf7799e5ac209ab51b29cd22d1d13bd0,20aea0cf7799e5ac209ab51b29cd22d1d13bd0,file,201,2025-11-01T14:25:17+00:00
.git/objects/5e/64820aaf1c00ca3a2c7f290b0fa56caf70a553,64820aaf1c00ca3a2c7f290b0fa56caf70a553,file,367,2025-11-01T16:05:26+00:00
.git/objects/5e/d16f77d3ab246359b74c4ba3993327b4697a63,d16f77d3ab246359b74c4ba3993327b4697a63,file,194,2025-11-01T15:52:09+00:00
.git/objects/5f,5f,dir,0,2025-11-01T16:38:49+00:00
.git/objects/5f/07b952b2cdfc491257dd90db93603c693714f4,07b952b2cdfc491257dd90db93603c693714f4,file,223,2025-11-01T16:38:49+00:00
.git/objects/60,60,dir,0,2025-11-01T17:53:06+00:00
.git/objects/60/08fce86730c3c716003a117a61dcdac6f01b99,08fce86730c3c716003a117a61dcdac6f01b99,file,93,2025-11-01T17:53:06+00:00
.git/objects/60/e10e58f94c66184d6880dbbb50fbb0589245a4,e10e58f94c66184d6880dbbb50fbb0589245a4,file,367,2025-11-01T16:21:08+00:00
.git/objects/61,61,dir,0,2025-11-01T03:59:38+00:00
.git/objects/61/85b5ad62ccf1bb527550589c71ad2dd6497ac6,85b5ad62ccf1bb527550589c71ad2dd6497ac6,file,3068,2025-11-01T03:59:38+00:00
.git/objects/62,62,dir,0,2025-11-01T19:04:37+00:00
.git/objects/62/fc958191f489249b8df7b10e0a8eccfb7656e4,fc958191f489249b8df7b10e0a8eccfb7656e4,file,1195,2025-11-01T19:04:37+00:00
.git/objects/64,64,dir,0,2025-11-01T14:25:17+00:00
.git/objects/64/a2fe2aa524a5ed2121b25c9b07278cd9f69dea,a2fe2aa524a5ed2121b25c9b07278cd9f69dea,file,1064,2025-11-01T14:25:17+00:00
.git/objects/64/a9858793c04249dd583b6e95d3effad3c78219,a9858793c04249dd583b6e95d3effad3c78219,file,276,2025-11-01T03:59:38+00:00
.git/objects/65,65,dir,0,2025-11-01T17:29:55+00:00
.git/objects/65/6ee705183089b9983ecd4879c767b0c4adee40,6ee705183089b9983ecd4879c767b0c4adee40,file,227,2025-11-01T17:12:49+00:00
.git/objects/65/f8e25951f2371c40ba55db8078ff98a7d12301,f8e25951f2371c40ba55db8078ff98a7d12301,file,49,2025-11-01T17:29:55+00:00
.git/objects/66,66,dir,0,2025-11-01T19:04:38+00:00
.git/objects/66/71bc33bd5bbd843c73fa2f7c268c4ae6cce398,71bc33bd5bbd843c73fa2f7c268c4ae6cce398,file,49,2025-11-01T19:04:38+00:00
.git/objects/66/7df9a667c5d9a70a7d064d0290f331b340f390,7df9a667c5d9a70a7d064d0290f331b340f390,file,2615,2025-11-01T15:12:22+00:00
.git/objects/67,67,dir,0,2025-11-03T03:17:27+00:00
.git/objects/67/a5599b6b9fee6076eac55f068008903f0480c8,a5599b6b9fee6076eac55f068008903f0480c8,file,897,2025-11-03T03:17:27+00:00
.git/objects/68,68,dir,0,2025-11-01T17:27:55+00:00
.git/objects/68/6fb31819633800088b785e4e5e612d4c01ab76,6fb31819633800088b785e4e5e612d4c01ab76,file,49,2025-11-01T17:27:55+00:00
.git/objects/69,69,dir,0,2025-11-01T17:22:38+00:00
.git/objects/69/3380ac930ef1a2dfc2fb332f54b286a4b536cd,3380ac930ef1a2dfc2fb332f54b286a4b536cd,file,338,2025-11-01T15:52:09+00:00
.git/objects/69/7dece274cba4635c6488cd0d49fa197650c58b,7dece274cba4635c6488cd0d49fa197650c58b,file,367,2025-11-01T17:22:38+00:00
.git/objects/6b,6b,dir,0,2025-11-01T14:50:59+00:00
.git/objects/6b/daf8151a835781a6244711b816d97ead44e4e8,daf8151a835781a6244711b816d97ead44e4e8,file,2984,2025-11-01T14:50:59+00:00
.git/objects/6c,6c,dir,0,2025-11-01T17:22:38+00:00
.git/objects/6c/f04269476e80298c74b718dabd384509d4d0c7,f04269476e80298c74b718dabd384509d4d0c7,file,210,2025-11-01T17:22:38+00:00
.git/objects/6d,6d,dir,0,2025-11-01T14:51:56+00:00
.git/objects/6d/8dd617cdf5ff4bd1c01e17ca07364dd5a5cafe,8dd617cdf5ff4bd1c01e17ca07364dd5a5cafe,file,49,2025-11-01T14:51:56+00:00
.git/objects/73,73,dir,0,2025-11-03T03:17:27+00:00
.git/objects/73/22f9d78f1575d83b0186dc502e93ebff5789c8,22f9d78f1575d83b0186dc502e93ebff5789c8,file,446,2025-11-01T16:21:08+00:00
.git/objects/73/70a59d004819ed123ae4b8eaef245396733f6f,70a59d004819ed123ae4b8eaef245396733f6f,file,374,2025-11-01T19:04:37+00:00
.git/objects/73/b2b5ff4ba3c347d1b2b65ead28ca8d8d12335b,b2b5ff4ba3c347d1b2b65ead28ca8d8d12335b,file,226962,2025-11-03T03:17:27+00:00
.git/objects/74,74,dir,0,2025-11-01T19:04:37+00:00
.git/objects/74/20906c3b450e721d388cec512985ca8e0b2f8f,20906c3b450e721d388cec512985ca8e0b2f8f,file,53,2025-11-01T17:11:14+00:00
.git/objects/74/7a83902ed6236ec19090a7fcc1aed353a33816,7a83902ed6236ec19090a7fcc1aed353a33816,file,50,2025-11-01T18:01:51+00:00
.git/objects/74/f7d6bda002fc51e2839a2ce9c3d221587b5c32,f7d6bda002fc51e2839a2ce9c3d221587b5c32,file,3227,2025-11-01T19:04:37+00:00
.git/objects/76,76,dir,0,2025-11-01T03:59:48+00:00
.git/objects/76/f22a40d87474a4bf4f07b5d8ed3288ec7a2212,f22a40d87474a4bf4f07b5d8ed3288ec7a2212,file,93,2025-11-01T03:59:48+00:00
.git/objects/77,77,dir,0,2025-11-01T16:24:40+00:00
.git/objects/77/57bed0e05ab2faff2896d1183146976680be9c,57bed0e05ab2faff2896d1183146976680be9c,file,347,2025-11-01T03:59:38+00:00
.git/objects/77/b253b890dd005c3d9d964e8a9d5f3a04928416,b253b890dd005c3d9d964e8a9d5f3a04928416,file,3011,2025-11-01T16:24:40+00:00
.git/objects/78,78,dir,0,2025-11-01T03:59:38+00:00
.git/objects/78/40e436926b2e1a5277d2e48904556bcb7ae4ee,40e436926b2e1a5277d2e48904556bcb7ae4ee,file,109,2025-11-01T03:59:38+00:00
.git/objects/7a,7a,dir,0,2025-11-01T03:59:48+00:00
.git/objects/7a/a8177c92e259544b4516c783f9115ea7f8e772,a8177c92e259544b4516c783f9115ea7f8e772,file,57,2025-11-01T03:59:48+00:00
.git/objects/7b,7b,dir,0,2025-11-01T17:53:06+00:00
.git/objects/7b/1442c6464a8f3be83047a3839832bb13ec91b8,1442c6464a8f3be83047a3839832bb13ec91b8,file,192,2025-11-01T16:24:49+00:00
.git/objects/7b/65836c63415031bcfc8238939d166039abbaae,65836c63415031bcfc8238939d166039abbaae,file,367,2025-11-01T17:53:06+00:00
.git/objects/7c,7c,dir,0,2025-11-01T19:04:37+00:00
.git/objects/7c/8d64f8932b39b5df14c49520fac87240e2ca10,8d64f8932b39b5df14c49520fac87240e2ca10,file,2956,2025-11-01T19:04:37+00:00
.git/objects/7d,7d,dir,0,2025-11-03T04:22:41+00:00
.git/objects/7d/283620bdf3fc9897c1631dac475aae8974e0c4,283620bdf3fc9897c1631dac475aae8974e0c4,file,49,2025-11-03T04:22:41+00:00
.git/objects/7e,7e,dir,0,2025-11-01T17:52:07+00:00
.git/objects/7e/0fa242cd9c94160aefbcac57133ea84d63438c,0fa242cd9c94160aefbcac57133ea84d63438c,file,206,2025-11-01T03:59:38+00:00
.git/objects/7e/118b8ef65534d3aa3ea77c9fe79625160be6aa,118b8ef65534d3aa3ea77c9fe79625160be6aa,file,3472,2025-11-01T17:52:07+00:00
.git/objects/7e/2ba6613ad9230bf7b53a338e877b1a515b4f03,2ba6613ad9230bf7b53a338e877b1a515b4f03,file,2768,2025-11-01T17:12:43+00:00
.git/objects/80,80,dir,0,2025-11-03T03:19:09+00:00
.git/objects/80/494db7e95aa0b95f390999fc411f5e563252cc,494db7e95aa0b95f390999fc411f5e563252cc,file,367,2025-11-03T03:19:09+00:00
.git/objects/80/c88490029446ba1eb0bdeaf6b7a02b84615b48,c88490029446ba1eb0bdeaf6b7a02b84615b48,file,431,2025-11-01T15:12:22+00:00
.git/objects/83,83,dir,0,2025-11-03T03:19:09+00:00
.git/objects/83/898433c29652d366d9b39eb2eed2b23493a2d7,898433c29652d366d9b39eb2eed2b23493a2d7,file,377,2025-11-03T03:19:09+00:00
.git/objects/83/cabaccf80cd60974ac8da235e984f29c4aca17,cabaccf80cd60974ac8da235e984f29c4aca17,file,367,2025-11-01T16:38:49+00:00
.git/objects/84,84,dir,0,2025-11-01T17:53:06+00:00
.git/objects/84/2d86ee6d988e10580844821ae9769f7881dcb0,2d86ee6d988e10580844821ae9769f7881dcb0,file,49,2025-11-01T17:53:06+00:00
.git/objects/85,85,dir,0,2025-11-01T17:12:49+00:00
.git/objects/85/2a8bfd63fac41f6116297907a2e52a51477ea6,2a8bfd63fac41f6116297907a2e52a51477ea6,file,473,2025-11-01T17:12:49+00:00
.git/objects/86,86,dir,0,2025-11-03T04:22:41+00:00
.git/objects/86/4dfe47ebaf4563def37fc5c9ccd19ca1fed97c,4dfe47ebaf4563def37fc5c9ccd19ca1fed97c,file,862,2025-11-03T04:22:41+00:00
.git/objects/87,87,dir,0,2025-11-01T16:13:36+00:00
.git/objects/87/345f68be1d1b6d93adb18f18c08c4b3312ccfa,345f68be1d1b6d93adb18f18c08c4b3312ccfa,file,367,2025-11-01T16:13:36+00:00
.git/objects/87/7728c6c24e0af90df9455fc9c3e8e1768688ed,7728c6c24e0af90df9455fc9c3e8e1768688ed,file,667,2025-11-01T14:25:17+00:00
.git/objects/88,88,dir,0,2025-11-01T17:05:18+00:00
.git/objects/88/80c38eb23a5d9b6ad0ba6aeceab5e473e0d3fd,80c38eb23a5d9b6ad0ba6aeceab5e473e0d3fd,file,308,2025-11-01T17:05:18+00:00
.git/objects/89,89,dir,0,2025-11-03T04:22:41+00:00
.git/objects/89/9601429943fc1ebecb3a5076edff4f53394881,9601429943fc1ebecb3a5076edff4f53394881,file,315,2025-11-03T04:22:41+00:00
.git/objects/89/b3364c2a3e09de034163683c5e6a573763ffc9,b3364c2a3e09de034163683c5e6a573763ffc9,file,309,2025-11-01T17:35:53+00:00
.git/objects/8a,8a,dir,0,2025-11-01T16:24:49+00:00
.git/objects/8a/c0b904b515002dbeb3c268f4465a88e162c708,c0b904b515002dbeb3c268f4465a88e162c708,file,367,2025-11-01T16:24:49+00:00
.git/objects/8b,8b,dir,0,2025-11-01T15:12:33+00:00
.git/objects/8b/f635c51728641a69bbb963dd3f5bec5af3df51,f635c51728641a69bbb963dd3f5bec5af3df51,file,446,2025-11-01T15:12:33+00:00
.git/objects/8d,8d,dir,0,2025-11-01T19:04:38+00:00
.git/objects/8d/fe6bcc4e63fd7e59d8fd20d242a5d872cbbb1a,fe6bcc4e63fd7e59d8fd20d242a5d872cbbb1a,file,366,2025-11-01T19:04:38+00:00
.git/objects/8e,8e,dir,0,2025-11-01T18:01:43+00:00
.git/objects/8e/3aa4aa516499bc77f38cc64d4dd5aaec962770,3aa4aa516499bc77f38cc64d4dd5aaec962770,file,366,2025-11-01T17:29:55+00:00
.git/objects/8e/a1cb13662f539c800adff6af3d26dcf6c6446c,a1cb13662f539c800adff6af3d26dcf6c6446c,file,499,2025-11-01T16:10:12+00:00
.git/objects/8e/a9036a8148bea17780f9ff9d7ef2c4ea91d347,a9036a8148bea17780f9ff9d7ef2c4ea91d347,file,446,2025-11-01T16:24:49+00:00
.git/objects/8e/ae5a95308afba7a759b11e83ea122d1e2052d8,ae5a95308afba7a759b11e83ea122d1e2052d8,file,3368,2025-11-01T18:01:43+00:00
.git/objects/91,91,dir,0,2025-11-01T14:50:59+00:00
.git/objects/91/280df0da5410a77b6cc24f4635833531069032,280df0da5410a77b6cc24f4635833531069032,file,8636,2025-11-01T14:50:59+00:00
.git/objects/93,93,dir,0,2025-11-03T04:22:41+00:00
.git/objects/93/c46fcd5a1a0c39d60f099e43e4e34c3186ca00,c46fcd5a1a0c39d60f099e43e4e34c3186ca00,file,221,2025-11-03T04:22:41+00:00
.git/objects/94,94,dir,0,2025-11-01T15:12:22+00:00
.git/objects/94/5ce28c494b08e11ea0e2ada33949b3f1f62561,5ce28c494b08e11ea0e2ada33949b3f1f62561,file,2148,2025-11-01T15:12:22+00:00
.git/objects/95,95,dir,0,2025-11-01T14:51:56+00:00
.git/objects/95/dacf2d8f27b06938728b8507eab7a95c651c6e,dacf2d8f27b06938728b8507eab7a95c651c6e,file,225,2025-11-01T14:51:56+00:00
.git/objects/96,96,dir,0,2025-11-01T17:16:16+00:00
.git/objects/96/00a25f2498d79d22c6e380441472405e70d2e0,00a25f2498d79d22c6e380441472405e70d2e0,file,294,2025-11-01T03:59:38+00:00
.git/objects/96/032a013dc51613d5a8b4605ec27d53ec626faf,032a013dc51613d5a8b4605ec27d53ec626faf,file,409,2025-11-01T14:05:06+00:00
.git/objects/96/20e8e29998ea47829d7ed33d491f544c42a750,20e8e29998ea47829d7ed33d491f544c42a750,file,1669,2025-11-01T17:16:16+00:00
.git/objects/97,97,dir,0,2025-11-01T17:22:38+00:00
.git/objects/97/12a8ae8926090fd7f889609e4a626979b5d687,12a8ae8926090fd7f889609e4a626979b5d687,file,308,2025-11-01T17:22:38+00:00
.git/objects/97/f450683d3db536cfe332e8a36460cf62381197,f450683d3db536cfe332e8a36460cf62381197,file,196,2025-11-01T14:06:32+00:00
.git/objects/98,98,dir,0,2025-11-01T17:35:53+00:00
.git/objects/98/17aff1d803c11af264c8cac28fa2227966115f,17aff1d803c11af264c8cac28fa2227966115f,file,473,2025-11-01T17:35:53+00:00
.git/objects/99,99,dir,0,2025-11-01T17:16:25+00:00
.git/objects/99/40ae094ba11d9480a92286e05c0f929faed81c,40ae094ba11d9480a92286e05c0f929faed81c,file,218,2025-11-01T17:16:25+00:00
.git/objects/9a,9a,dir,0,2025-11-01T14:06:32+00:00
.git/objects/9a/6a43d87d9e02f61ffc22834bd0fa09bdfdd738,6a43d87d9e02f61ffc22834bd0fa09bdfdd738,file,220,2025-11-01T03:59:38+00:00
.git/objects/9a/a58f99c9fa9b378c751ed1813919589f75dd1d,a58f99c9fa9b378c751ed1813919589f75dd1d,file,309,2025-11-01T14:06:32+00:00
.git/objects/9c,9c,dir,0,2025-11-01T19:04:37+00:00
.git/objects/9c/137bb4798dc70f5e7e053af75d9107a02534b1,137bb4798dc70f5e7e053af75d9107a02534b1,file,18803,2025-11-01T19:04:37+00:00
.git/objects/9c/80f11d3eb5f3e43174b5d309c819d2065c106e,80f11d3eb5f3e43174b5d309c819d2065c106e,file,1030,2025-11-01T16:13:27+00:00
.git/objects/9d,9d,dir,0,2025-11-03T03:19:09+00:00
.git/objects/9d/581a5d549313b2f3826067ad9c3ebe36500092,581a5d549313b2f3826067ad9c3ebe36500092,file,491,2025-11-01T18:01:43+00:00
.git/objects/9d/95dbe6d419b1bb86f052302783bccb9670b19a,95dbe6d419b1bb86f052302783bccb9670b19a,file,55,2025-11-03T03:19:09+00:00
.git/objects/9e,9e,dir,0,2025-11-01T17:05:18+00:00
.git/objects/9e/5f2af3afe54890b0d20371c07a28854d3f5faf,5f2af3afe54890b0d20371c07a28854d3f5faf,file,226,2025-11-01T17:05:18+00:00
.git/objects/9f,9f,dir,0,2025-11-01T15:52:02+00:00
.git/objects/9f/10137620e1cb0c5312f3985224470fdcd9f470,10137620e1cb0c5312f3985224470fdcd9f470,file,179,2025-11-01T03:59:48+00:00
.git/objects/9f/a317e1f554806dcfe9817ee8ab85e7e1cfdfeb,a317e1f554806dcfe9817ee8ab85e7e1cfdfeb,file,114,2025-11-01T03:59:38+00:00
.git/objects/9f/b85acad03997520c8b85c819a96f8029f013ae,b85acad03997520c8b85c819a96f8029f013ae,file,968,2025-11-01T15:52:02+00:00
.git/objects/a0,a0,dir,0,2025-11-01T18:01:51+00:00
.git/objects/a0/d0adf62066aaa2d5e09f8d1872c53eb4e5c809,d0adf62066aaa2d5e09f8d1872c53eb4e5c809,file,366,2025-11-01T18:01:51+00:00
.git/objects/a1,a1,dir,0,2025-11-01T16:13:36+00:00
.git/objects/a1/bca40f1f2bddf844b5dde6b01c539464ba5fa0,bca40f1f2bddf844b5dde6b01c539464ba5fa0,file,49,2025-11-01T16:13:36+00:00
.git/objects/a2,a2,dir,0,2025-11-03T04:22:41+00:00
.git/objects/a2/1dcf905b053431b31cb9e6227b860f54ec141f,1dcf905b053431b31cb9e6227b860f54ec141f,file,4076,2025-11-03T04:22:41+00:00
.git/objects/a3,a3,dir,0,2025-11-03T04:22:41+00:00
.git/objects/a3/2ef1d7487071ec86faf65062df5db8b4c12452,2ef1d7487071ec86faf65062df5db8b4c12452,file,446,2025-11-01T14:51:56+00:00
.git/objects/a3/4937dc649e18696941b45f39d447d6f8dc1fb1,4937dc649e18696941b45f39d447d6f8dc1fb1,file,1412,2025-11-03T04:22:41+00:00
.git/objects/a3/c9b73fa858455f0f6106d3c86d29aff3025426,c9b73fa858455f0f6106d3c86d29aff3025426,file,93,2025-11-01T15:12:33+00:00
.git/objects/a4,a4,dir,0,2025-11-03T03:17:27+00:00
.git/objects/a4/199bdfd87e2285bd96831311a0c815f288b860,199bdfd87e2285bd96831311a0c815f288b860,file,308,2025-11-01T17:53:06+00:00
.git/objects/a4/207d6dc2375250a1b0f83b3eaf49e83a727f31,207d6dc2375250a1b0f83b3eaf49e83a727f31,file,4323,2025-11-03T03:17:27+00:00
.git/objects/a4/328bad5175a89b6c8f294e60cd5d16d4fc4520,328bad5175a89b6c8f294e60cd5d16d4fc4520,file,367,2025-11-01T17:05:18+00:00
.git/objects/a6,a6,dir,0,2025-11-01T17:52:07+00:00
.git/objects/a6/6443c08ebd12d77223fc7320e0ce35601325f6,6443c08ebd12d77223fc7320e0ce35601325f6,file,3046,2025-11-01T17:52:07+00:00
.git/objects/a7,a7,dir,0,2025-11-01T14:05:06+00:00
.git/objects/a7/1a0a43712e19e6753cf1187708c236e6fbb725,1a0a43712e19e6753cf1187708c236e6fbb725,file,1268,2025-11-01T14:05:06+00:00
.git/objects/a9,a9,dir,0,2025-11-01T17:12:49+00:00
.git/objects/a9/5f81ee72ebfd5451864d1f003f91a608369f61,5f81ee72ebfd5451864d1f003f91a608369f61,file,49,2025-11-01T17:12:49+00:00
.git/objects/aa,aa,dir,0,2025-11-01T16:13:36+00:00
.git/objects/aa/f4283863979833edba17bd89614b2e08fc350e,f4283863979833edba17bd89614b2e08fc350e,file,446,2025-11-01T16:13:36+00:00
.git/objects/ab,ab,dir,0,2025-11-03T03:19:09+00:00
.git/objects/ab/2e65c09837f243882d9605ef3c77e2c9da32b5,2e65c09837f243882d9605ef3c77e2c9da32b5,file,93,2025-11-03T03:19:09+00:00
.git/objects/ad,ad,dir,0,2025-11-03T04:22:41+00:00
.git/objects/ad/f65316a53e7def82f0192615f66fdf5a202edf,f65316a53e7def82f0192615f66fdf5a202edf,file,160,2025-11-03T04:22:41+00:00
.git/objects/ae,ae,dir,0,2025-11-01T16:54:14+00:00
.git/objects/ae/19a63286482365968318232019427c68f7876e,19a63286482365968318232019427c68f7876e,file,366,2025-11-01T16:54:14+00:00
.git/objects/b0,b0,dir,0,2025-11-01T19:04:37+00:00
.git/objects/b0/0d140f308799c3a103debd0d6a48bf93b7c97f,0d140f308799c3a103debd0d6a48bf93b7c97f,file,499,2025-11-01T17:53:06+00:00
.git/objects/b0/4e1a7b1bdb5b1f89d44373374bf5ee58b707f9,4e1a7b1bdb5b1f89d44373374bf5ee58b707f9,file,59,2025-11-01T19:04:37+00:00
.git/objects/b0/9a47311ec016f1d3504f0c32779195f6d8a89d,9a47311ec016f1d3504f0c32779195f6d8a89d,file,427,2025-11-01T15:12:22+00:00
.git/objects/b1,b1,dir,0,2025-11-01T14:05:06+00:00
.git/objects/b1/69b797696f7812385052400772d606f8576d69,69b797696f7812385052400772d606f8576d69,file,336,2025-11-01T14:05:06+00:00
.git/objects/b1/797bd3c255b6462fab249d4edbefd12dbd8528,797bd3c255b6462fab249d4edbefd12dbd8528,file,460,2025-11-01T03:59:38+00:00
.git/objects/b3,b3,dir,0,2025-11-01T17:52:07+00:00
.git/objects/b3/fe2e2c1a802812966645013c313bc1211b8959,fe2e2c1a802812966645013c313bc1211b8959,file,1713,2025-11-01T17:52:07+00:00
.git/objects/b4,b4,dir,0,2025-11-01T03:59:38+00:00
.git/objects/b4/f2cda603bdaa4e3d95eaaf3a5813603e0277fd,f2cda603bdaa4e3d95eaaf3a5813603e0277fd,file,836,2025-11-01T03:59:38+00:00
.git/objects/b5,b5,dir,0,2025-11-01T19:04:37+00:00
.git/objects/b5/e43a4a520e461ef8b24371923071e4f76ff601,e43a4a520e461ef8b24371923071e4f76ff601,file,2783,2025-11-01T19:04:37+00:00
.git/objects/b6,b6,dir,0,2025-11-03T03:19:09+00:00
.git/objects/b6/0db3fb4a76096e6f77290e9bb29ef3779264b8,0db3fb4a76096e6f77290e9bb29ef3779264b8,file,4505,2025-11-03T03:19:09+00:00
.git/objects/b6/14b95c1514e313d1f0aa045721b781349c73d4,14b95c1514e313d1f0aa045721b781349c73d4,file,473,2025-11-01T17:22:38+00:00
.git/objects/b6/70d473d622bee15a366590c5070538e3860940,70d473d622bee15a366590c5070538e3860940,file,367,2025-11-01T17:27:55+00:00
.git/objects/b7,b7,dir,0,2025-11-01T16:38:49+00:00
.git/objects/b7/724c479e38c6538b134621826f5a2a4ff53e00,724c479e38c6538b134621826f5a2a4ff53e00,file,207,2025-11-01T16:38:49+00:00
.git/objects/b9,b9,dir,0,2025-11-01T04:06:54+00:00
.git/objects/b9/855a9771f26f3cbf658b46d4dbace4dbdfaa8d,855a9771f26f3cbf658b46d4dbace4dbdfaa8d,file,160,2025-11-01T04:06:54+00:00
.git/objects/bc,bc,dir,0,2025-11-03T04:22:41+00:00
.git/objects/bc/7f1b6cd705964c8a9968a154c99ac5c1574221,7f1b6cd705964c8a9968a154c99ac5c1574221,file,3164,2025-11-01T16:49:36+00:00
.git/objects/bc/8084d460e13635a1508d030bae3e3a07723b8a,8084d460e13635a1508d030bae3e3a07723b8a,file,552,2025-11-03T04:22:41+00:00
.git/objects/bc/95a11f2d703c2e8ef581f279782ed08b75aa07,95a11f2d703c2e8ef581f279782ed08b75aa07,file,309,2025-11-01T16:54:14+00:00
.git/objects/bc/c3b5d50cb645adf7b4febeaa4448ce767e3a88,c3b5d50cb645adf7b4febeaa4448ce767e3a88,file,27337,2025-11-01T19:04:37+00:00
.git/objects/bd,bd,dir,0,2025-11-01T14:05:06+00:00
.git/objects/bd/9650062995f68af3d80315f422224087ef9d9d,9650062995f68af3d80315f422224087ef9d9d,file,882,2025-11-01T14:05:06+00:00
.git/objects/c0,c0,dir,0,2025-11-01T17:16:25+00:00
.git/objects/c0/15d9bfa490f040dc298d4fb1c9a137eba9c6e8,15d9bfa490f040dc298d4fb1c9a137eba9c6e8,file,367,2025-11-01T17:16:25+00:00
.git/objects/c0/4914ec6f6f6b41d5c28beeb26f50bbbea7f988,4914ec6f6f6b41d5c28beeb26f50bbbea7f988,file,213,2025-11-01T15:12:33+00:00
.git/objects/c0/f9df63dcb92b88d4e864fe94b34fdd5f461e39,f9df63dcb92b88d4e864fe94b34fdd5f461e39,file,206,2025-11-01T16:24:49+00:00
.git/objects/c1,c1,dir,0,2025-11-01T17:05:18+00:00
.git/objects/c1/4b9d9cf778462335232b7796cbd7d7df854251,4b9d9cf778462335232b7796cbd7d7df854251,file,49,2025-11-01T17:05:18+00:00
.git/objects/c4,c4,dir,0,2025-11-01T03:59:48+00:00
.git/objects/c4/4e546cb6aea2ae036b0c471ab9ca2c59edc5cf,4e546cb6aea2ae036b0c471ab9ca2c59edc5cf,file,701,2025-11-01T03:59:38+00:00
.git/objects/c4/9bb2cb349ca2fa7bb7c83f442f9965ec5c6eb8,9bb2cb349ca2fa7bb7c83f442f9965ec5c6eb8,file,51,2025-11-01T03:59:47+00:00
.git/objects/c5,c5,dir,0,2025-11-01T16:05:18+00:00
.git/objects/c5/2b27f0907ec166a5af392f85cc5e259b58a8dc,2b27f0907ec166a5af392f85cc5e259b58a8dc,file,193,2025-11-01T14:06:32+00:00
.git/objects/c5/78c4292291b13ec641329e0c89267975521e68,78c4292291b13ec641329e0c89267975521e68,file,393,2025-11-01T16:05:18+00:00
.git/objects/c7,c7,dir,0,2025-11-03T04:22:41+00:00
.git/objects/c7/15c5226b51d4eda5195aeef6f2726521ad498a,15c5226b51d4eda5195aeef6f2726521ad498a,file,2650,2025-11-01T03:59:38+00:00
.git/objects/c7/42b8d2011688f537c7d7488d398f980bd2b010,42b8d2011688f537c7d7488d398f980bd2b010,file,880,2025-11-03T04:22:41+00:00
.git/objects/ca,ca,dir,0,2025-11-03T03:19:09+00:00
.git/objects/ca/4e064f70664cdc4ec5a66a8b59a84f72dde652,4e064f70664cdc4ec5a66a8b59a84f72dde652,file,2627,2025-11-01T03:59:38+00:00
.git/objects/ca/8c47dfda4ca9ae02c88953cfc594e80f68c962,8c47dfda4ca9ae02c88953cfc594e80f68c962,file,290,2025-11-03T03:19:09+00:00
.git/objects/cb,cb,dir,0,2025-11-01T16:10:27+00:00
.git/objects/cb/2db622da90a08f0d3103831e13c2614b1fc393,2db622da90a08f0d3103831e13c2614b1fc393,file,208,2025-11-01T16:10:27+00:00
.git/objects/cc,cc,dir,0,2025-11-01T14:25:23+00:00
.git/objects/cc/7263727ed76f91964d291abc5eb74902289e35,7263727ed76f91964d291abc5eb74902289e35,file,413,2025-11-01T14:25:23+00:00
.git/objects/cd,cd,dir,0,2025-11-03T04:22:41+00:00
.git/objects/cd/1db1bae43379558f42b7d68fbc3de90bcad05e,1db1bae43379558f42b7d68fbc3de90bcad05e,file,207,2025-11-03T04:22:41+00:00
.git/objects/cf,cf,dir,0,2025-11-01T16:38:49+00:00
.git/objects/cf/3974be7a65517776e28f366630ab375f17459a,3974be7a65517776e28f366630ab375f17459a,file,446,2025-11-01T16:38:49+00:00
.git/objects/cf/7acad7005b814bf4968710a9ba2088719b7f1d,7acad7005b814bf4968710a9ba2088719b7f1d,file,988,2025-11-01T16:38:41+00:00
.git/objects/cf/807d3d7b4661790d2be53e70f179d9a8efe1db,807d3d7b4661790d2be53e70f179d9a8efe1db,file,49,2025-11-01T16:24:49+00:00
.git/objects/d1,d1,dir,0,2025-11-01T17:27:44+00:00
.git/objects/d1/0dd72ce619173fdd6baf630815f5a7556ccd0c,0dd72ce619173fdd6baf630815f5a7556ccd0c,file,1656,2025-11-01T17:27:44+00:00
.git/objects/d1/64bdd841999ed1933bdde6fb0ff3dd445f6fe6,64bdd841999ed1933bdde6fb0ff3dd445f6fe6,file,193,2025-11-01T03:59:48+00:00
.git/objects/d1/f9901d46cc0287f869247dd37f1e4f30304dd9,f9901d46cc0287f869247dd37f1e4f30304dd9,file,93,2025-11-01T14:25:23+00:00
.git/objects/d2,d2,dir,0,2025-11-03T04:22:41+00:00
.git/objects/d2/819dd8aaeec2c68ec7d9c21fe49217103dd607,819dd8aaeec2c68ec7d9c21fe49217103dd607,file,799,2025-11-03T04:22:41+00:00
.git/objects/d5,d5,dir,0,2025-11-01T14:05:06+00:00
.git/objects/d5/11080bc49b6143207a6bbccc27cf843a5b3efd,11080bc49b6143207a6bbccc27cf843a5b3efd,file,758,2025-11-01T14:05:06+00:00
.git/objects/d7,d7,dir,0,2025-11-01T16:49:36+00:00
.git/objects/d7/56ac2a225c0d726c29ee03c9ecb23e4e154fc0,56ac2a225c0d726c29ee03c9ecb23e4e154fc0,file,2688,2025-11-01T16:49:36+00:00
.git/objects/d8,d8,dir,0,2025-11-01T16:10:27+00:00
.git/objects/d8/f2dbe3772a6648670a96123ce382114e3cc4f2,f2dbe3772a6648670a96123ce382114e3cc4f2,file,446,2025-11-01T16:10:27+00:00
.git/objects/d8/f7d3316578b89234463b00c5a5162f99cb3472,f7d3316578b89234463b00c5a5162f99cb3472,file,185,2025-11-01T16:05:26+00:00
.git/objects/dc,dc,dir,0,2025-11-01T16:10:12+00:00
.git/objects/dc/e438ba93da53abeb3de4b78d98d49cf1d23888,e438ba93da53abeb3de4b78d98d49cf1d23888,file,607,2025-11-01T16:10:12+00:00
.git/objects/dc/eb8d2fb324a0e18f58aab17247db11fbfa2cf1,eb8d2fb324a0e18f58aab17247db11fbfa2cf1,file,623,2025-11-01T14:05:06+00:00
.git/objects/dd,dd,dir,0,2025-11-03T03:19:09+00:00
.git/objects/dd/83af6951159ff851f1d22809d36d96e7e24141,83af6951159ff851f1d22809d36d96e7e24141,file,198,2025-11-01T17:11:21+00:00
.git/objects/dd/abfe6877e15c38eba20a9f4f37df5334099a76,abfe6877e15c38eba20a9f4f37df5334099a76,file,610,2025-11-03T03:19:09+00:00
.git/objects/de,de,dir,0,2025-11-01T15:12:33+00:00
.git/objects/de/6e655d8af66e942a3d25f1d47a1e4d39a215dc,6e655d8af66e942a3d25f1d47a1e4d39a215dc,file,337,2025-11-01T15:12:33+00:00
.git/objects/df,df,dir,0,2025-11-03T04:22:41+00:00
.git/objects/df/495bc183d51db879b0f027896f45ff68ae9c55,495bc183d51db879b0f027896f45ff68ae9c55,file,458,2025-11-03T04:22:41+00:00
.git/objects/e0,e0,dir,0,2025-11-01T16:38:41+00:00
.git/objects/e0/28f5ff18d86ee206b64765f59b4a6bcad3940e,28f5ff18d86ee206b64765f59b4a6bcad3940e,file,188,2025-11-01T16:38:41+00:00
.git/objects/e1,e1,dir,0,2025-11-01T16:05:26+00:00
.git/objects/e1/11f81fb060efeeb7fff0b99e9f6fcb213552ac,11f81fb060efeeb7fff0b99e9f6fcb213552ac,file,111,2025-11-01T03:59:38+00:00
.git/objects/e1/63f60708daca45546dfc3acf4a5ac527216cc2,63f60708daca45546dfc3acf4a5ac527216cc2,file,49,2025-11-01T16:05:26+00:00
.git/objects/e3,e3,dir,0,2025-11-03T04:22:41+00:00
.git/objects/e3/50ec368e95d2720d9b7a5ec886a3acb7ab8509,50ec368e95d2720d9b7a5ec886a3acb7ab8509,file,309,2025-11-01T15:52:09+00:00
.git/objects/e3/cc75eecb142b596a9a89602bd6e674c0d67a8a,cc75eecb142b596a9a89602bd6e674c0d67a8a,file,3708,2025-11-03T04:22:41+00:00
.git/objects/e4,e4,dir,0,2025-11-01T19:04:38+00:00
.git/objects/e4/4a1b647efa3975d5710141393c1f6a29a56e30,4a1b647efa3975d5710141393c1f6a29a56e30,file,49,2025-11-01T17:19:39+00:00
.git/objects/e4/756cdfb147391993ac15d7a92cbcd214fbcb4c,756cdfb147391993ac15d7a92cbcd214fbcb4c,file,1120,2025-11-01T15:52:02+00:00
.git/objects/e4/81efd43b98e25ea5c2ed655b2a4f678a587b87,81efd43b98e25ea5c2ed655b2a4f678a587b87,file,308,2025-11-01T17:12:49+00:00
.git/objects/e4/90af936a07c426c9b0802128aa7f0a39114f44,90af936a07c426c9b0802128aa7f0a39114f44,file,196,2025-11-01T19:04:38+00:00
.git/objects/e4/d10eb7e7f654a16ada784ff967f37a683bcc13,d10eb7e7f654a16ada784ff967f37a683bcc13,file,194,2025-11-01T17:35:53+00:00
.git/objects/e4/e94d07099a2d3c066843df056649080b8c12c8,e94d07099a2d3c066843df056649080b8c12c8,file,309,2025-11-01T18:01:51+00:00
.git/objects/e6,e6,dir,0,2025-11-01T17:12:49+00:00
.git/objects/e6/043558423b5a8a7fcb96b5fe47457ab61557e2,043558423b5a8a7fcb96b5fe47457ab61557e2,file,367,2025-11-01T17:12:49+00:00
.git/objects/e6/20e672b92cb95f2c9f5dc50a94a2e02cc2971f,20e672b92cb95f2c9f5dc50a94a2e02cc2971f,file,994,2025-11-01T03:59:38+00:00
.git/objects/e7,e7,dir,0,2025-11-01T15:12:33+00:00
.git/objects/e7/2ca89f965a09759edef7fa562e248d8b7b6556,2ca89f965a09759edef7fa562e248d8b7b6556,file,247,2025-11-01T15:12:33+00:00
.git/objects/e8,e8,dir,0,2025-11-01T16:21:08+00:00
.git/objects/e8/b12ddeb43eb7d5cf723a20b6adb807252fc69d,b12ddeb43eb7d5cf723a20b6adb807252fc69d,file,49,2025-11-01T16:21:08+00:00
.git/objects/e9,e9,dir,0,2025-11-01T19:04:38+00:00
.git/objects/e9/7a01ccb2463c74533290a6255a8e3370c4d24d,7a01ccb2463c74533290a6255a8e3370c4d24d,file,2735,2025-11-01T16:20:51+00:00
.git/objects/e9/80c49e2bc07b579f46017ddbc59b8d4ddf7e1e,80c49e2bc07b579f46017ddbc59b8d4ddf7e1e,file,180,2025-11-01T19:04:38+00:00
.git/objects/e9/f57e08849c9c4fd4fb059d5aef11d6f0c475d8,f57e08849c9c4fd4fb059d5aef11d6f0c475d8,file,308,2025-11-01T17:19:39+00:00
.git/objects/ea,ea,dir,0,2025-11-01T14:05:06+00:00
.git/objects/ea/337c40e0f11a54d65dfa1fc437a6b2500eadf2,337c40e0f11a54d65dfa1fc437a6b2500eadf2,file,336,2025-11-01T14:05:06+00:00
.git/objects/ea/9fa24101c660c434505be7fc88158525deab3a,9fa24101c660c434505be7fc88158525deab3a,file,1514,2025-11-01T03:59:38+00:00
.git/objects/eb,eb,dir,0,2025-11-03T03:19:09+00:00
.git/objects/eb/3a3bb2955f9b588bbcd471a5cb8f74f5e1cc58,3a3bb2955f9b588bbcd471a5cb8f74f5e1cc58,file,473,2025-11-01T17:27:55+00:00
.git/objects/eb/7a15dffd46b5998b8851405363c92c36ebe38c,7a15dffd46b5998b8851405363c92c36ebe38c,file,3066,2025-11-03T03:19:09+00:00
.git/objects/eb/9118c7a0d86650798394e9cc0040903b775dae,9118c7a0d86650798394e9cc0040903b775dae,file,50,2025-11-01T03:59:47+00:00
.git/objects/ec,ec,dir,0,2025-11-01T18:01:51+00:00
.git/objects/ec/3b2ac829ffc97afda2a3cdfe09acb5150c7534,3b2ac829ffc97afda2a3cdfe09acb5150c7534,file,499,2025-11-01T18:01:51+00:00
.git/objects/ec/72a726d1abc135a3d48d89c7a1d130f67a7217,72a726d1abc135a3d48d89c7a1d130f67a7217,file,211,2025-11-01T16:54:15+00:00
.git/objects/ed,ed,dir,0,2025-11-01T19:04:38+00:00
.git/objects/ed/cc2288f814a39163c83cd8822085162983e51c,cc2288f814a39163c83cd8822085162983e51c,file,223,2025-11-01T19:04:38+00:00
.git/objects/ee,ee,dir,0,2025-11-03T04:22:46+00:00
.git/objects/ee/8f49c84ce480358da08f37ab7660fecd19ea25,8f49c84ce480358da08f37ab7660fecd19ea25,file,473,2025-11-01T17:16:25+00:00
.git/objects/ee/b353f5a08ff4244f5cc41def15a0afe32a54e5,b353f5a08ff4244f5cc41def15a0afe32a54e5,file,160,2025-11-03T04:22:46+00:00
.git/objects/ef,ef,dir,0,2025-11-01T19:04:38+00:00
.git/objects/ef/e05b7ad48727d1e0073f6da02e981f26026453,e05b7ad48727d1e0073f6da02e981f26026453,file,93,2025-11-01T19:04:38+00:00
.git/objects/f0,f0,dir,0,2025-11-03T03:17:27+00:00
.git/objects/f0/d3102a48b7665f00dec9589daf7458fdaeed40,d3102a48b7665f00dec9589daf7458fdaeed40,file,96312,2025-11-03T03:17:27+00:00
.git/objects/f2,f2,dir,0,2025-11-03T04:22:41+00:00
.git/objects/f2/84fa0d7250e2105a6b65904f3e537e5cb782c3,84fa0d7250e2105a6b65904f3e537e5cb782c3,file,1559,2025-11-03T04:22:41+00:00
.git/objects/f6,f6,dir,0,2025-11-03T03:19:09+00:00
.git/objects/f6/5c7da73ccc57677bacc7677a71c54fc3638bec,5c7da73ccc57677bacc7677a71c54fc3638bec,file,49,2025-11-03T03:19:09+00:00
.git/objects/f6/8e4dc0090f9e37a02c5b3f6586e3d5c711014c,8e4dc0090f9e37a02c5b3f6586e3d5c711014c,file,179,2025-11-01T03:59:38+00:00
.git/objects/f6/cf30d52230c99b47dd380d6896c62eb108df6e,cf30d52230c99b47dd380d6896c62eb108df6e,file,1925,2025-11-01T17:35:45+00:00
.git/objects/f9,f9,dir,0,2025-11-03T04:22:41+00:00
.git/objects/f9/d992149cf65520e464a09332146d0410c56a95,d992149cf65520e464a09332146d0410c56a95,file,205,2025-11-03T04:22:41+00:00
.git/objects/fb,fb,dir,0,2025-11-01T16:13:36+00:00
.git/objects/fb/1c52e104a18f54d0ce3c801682c4c449ba0aa4,1c52e104a18f54d0ce3c801682c4c449ba0aa4,file,309,2025-11-01T16:13:36+00:00
.git/objects/fc,fc,dir,0,2025-11-01T15:52:09+00:00
.git/objects/fc/c77898384c40a1ea11f5de7355c52f04257077,c77898384c40a1ea11f5de7355c52f04257077,file,446,2025-11-01T15:52:09+00:00
.git/objects/info,info,dir,0,2025-11-01T03:59:19+00:00
.git/objects/pack,pack,dir,0,2025-11-01T03:59:19+00:00
.git/refs,refs,dir,0,2025-11-01T04:08:09+00:00
.git/refs/heads,heads,dir,0,2025-11-03T04:22:41+00:00
.git/refs/heads/main,main,file,41,2025-11-03T04:22:41+00:00
.git/refs/remotes,remotes,dir,0,2025-11-01T04:08:09+00:00
.git/refs/remotes/origin,origin,dir,0,2025-11-03T04:22:46+00:00
.git/refs/remotes/origin/main,main,file,41,2025-11-03T04:22:46+00:00
.git/refs/tags,tags,dir,0,2025-11-03T04:22:46+00:00
.git/refs/tags/v0.3.0,v0.3.0,file,41,2025-11-03T04:22:46+00:00
.github,.github,dir,0,2025-11-01T14:19:06+00:00
.github/.release-please-manifest.json,.release-please-manifest.json,file,22,2025-11-01T14:18:42+00:00
.github/release-please-config.json,release-please-config.json,file,275,2025-11-01T14:18:25+00:00
.github/workflows,workflows,dir,0,2025-11-01T14:19:34+00:00
.github/workflows/publish-release.yml,publish-release.yml,file,1039,2025-11-01T14:21:52+00:00
.github/workflows/release-please.yml,release-please.yml,file,474,2025-11-01T14:19:17+00:00
.pytest_cache,.pytest_cache,dir,0,2025-11-01T15:47:20+00:00
.pytest_cache/.gitignore,.gitignore,file,39,2025-11-01T15:47:20+00:00
.pytest_cache/CACHEDIR.TAG,CACHEDIR.TAG,file,191,2025-11-01T15:47:20+00:00
.pytest_cache/README.md,README.md,file,310,2025-11-01T15:47:20+00:00
.pytest_cache/v,v,dir,0,2025-11-01T15:47:20+00:00
.pytest_cache/v/cache,cache,dir,0,2025-11-01T15:47:20+00:00
.pytest_cache/v/cache/lastfailed,lastfailed,file,2,2025-11-01T18:58:04+00:00
.pytest_cache/v/cache/nodeids,nodeids,file,221,2025-11-03T03:19:15+00:00
__pycache__,__pycache__,dir,0,2025-11-01T18:30:14+00:00
__pycache__/__init__.cpython-312.pyc,__init__.cpython-312.pyc,file,366,2025-10-31T15:26:55+00:00
__pycache__/compare.cpython-312.pyc,compare.cpython-312.pyc,file,2395,2025-10-31T15:26:55+00:00
__pycache__/config.cpython-312.pyc,config.cpython-312.pyc,file,12071,2025-11-01T18:30:14+00:00
__pycache__/io.cpython-312.pyc,io.cpython-312.pyc,file,954,2025-10-31T15:26:55+00:00
__pycache__/resample.cpython-312.pyc,resample.cpython-312.pyc,file,9348,2025-10-31T17:10:02+00:00
__pycache__/run_btc_pipeline.cpython-312.pyc,run_btc_pipeline.cpython-312.pyc,file,8603,2025-10-31T18:06:08+00:00
artifacts,artifacts,dir,0,2025-11-03T03:39:45+00:00
artifacts/btc.parquet,btc.parquet,file,5047044,2025-11-02T04:37:16+00:00
artifacts/function_map.csv,function_map.csv,file,170630,2025-11-03T03:48:41+00:00
artifacts/frames,frames,dir,0,2025-11-03T02:49:48+00:00
artifacts/frames/10D.parquet,10D.parquet,file,116867,2025-11-03T03:10:50+00:00
artifacts/frames/25D.parquet,25D.parquet,file,65408,2025-11-03T03:10:50+00:00
artifacts/frames/2D.parquet,2D.parquet,file,463288,2025-11-03T03:10:50+00:00
artifacts/frames/2M.parquet,2M.parquet,file,44189,2025-11-03T03:10:50+00:00
artifacts/frames/2W.parquet,2W.parquet,file,92837,2025-11-03T03:10:50+00:00
artifacts/frames/3D.parquet,3D.parquet,file,323075,2025-11-03T03:10:50+00:00
artifacts/frames/3M.parquet,3M.parquet,file,38932,2025-11-03T03:10:50+00:00
artifacts/frames/3W.parquet,3W.parquet,file,71819,2025-11-03T03:10:50+00:00
artifacts/frames/45D.parquet,45D.parquet,file,49513,2025-11-03T03:10:50+00:00
artifacts/frames/4D.parquet,4D.parquet,file,246900,2025-11-03T03:10:50+00:00
artifacts/frames/5D.parquet,5D.parquet,file,204842,2025-11-03T03:10:50+00:00
artifacts/frames/6M.parquet,6M.parquet,file,34282,2025-11-03T03:10:50+00:00
artifacts/frames/A.parquet,A.parquet,file,31676,2025-11-03T03:10:50+00:00
artifacts/frames/M.parquet,M.parquet,file,58139,2025-11-03T03:10:50+00:00
artifacts/frames/W-FRI.parquet,W-FRI.parquet,file,155965,2025-11-03T03:10:50+00:00
artifacts/frames/W.parquet,W.parquet,file,155552,2025-11-03T03:10:50+00:00
configs,configs,dir,0,2025-11-01T00:51:51+00:00
configs/default.yaml,default.yaml,file,4070,2025-11-01T17:49:09+00:00
data,data,dir,0,2025-11-02T04:34:59+00:00
data/Bitcoin_01_1_2016-10_26_2025_historical_data_coinmarketcap.csv,Bitcoin_01_1_2016-10_26_2025_historical_data_coinmarketcap.csv,file,746738,2025-10-31T16:42:49+00:00
data/Bitcoin_01_1_2016-10_26_2025_historical_data_coinmarketcap_edit.csv,Bitcoin_01_1_2016-10_26_2025_historical_data_coinmarketcap_edit.csv,file,763278,2025-10-31T16:35:40+00:00
data/btcusd.csv,btcusd.csv,file,746735,2025-11-02T04:34:59+00:00
data/ta_lab2_companion.xlsx,ta_lab2_companion.xlsx,file,17696,2025-10-31T20:01:53+00:00
github,github,dir,0,2025-11-01T00:53:50+00:00
github/workflows,workflows,dir,0,2025-11-01T00:54:16+00:00
github/workflows/ci.yml,ci.yml,file,512,2025-11-01T00:54:16+00:00
out,out,dir,0,2025-10-31T20:26:48+00:00
out/alignment.parquet,alignment.parquet,file,86964,2025-10-31T20:26:48+00:00
out/daily_en.parquet,daily_en.parquet,file,755135,2025-10-31T20:26:48+00:00
out/daily_regimes.parquet,daily_regimes.parquet,file,797842,2025-10-31T20:26:48+00:00
out/monthly_en.parquet,monthly_en.parquet,file,37593,2025-10-31T20:26:48+00:00
out/regime_stats.csv,regime_stats.csv,file,34367,2025-10-31T20:26:48+00:00
out/weekly_en.parquet,weekly_en.parquet,file,118865,2025-10-31T20:26:48+00:00
src,src,dir,0,2025-10-31T23:58:32+00:00
src/ta_lab2,ta_lab2,dir,0,2025-11-03T04:11:21+00:00
src/ta_lab2/__init__.py,__init__.py,file,4115,2025-11-03T04:22:41+00:00
src/ta_lab2/cli.py,cli.py,file,1147,2025-11-01T04:33:34+00:00
src/ta_lab2/compare.py,compare.py,file,1638,2025-10-31T15:12:02+00:00
src/ta_lab2/config.py,config.py,file,981,2025-11-01T16:08:26+00:00
src/ta_lab2/io.py,io.py,file,412,2025-10-31T15:12:02+00:00
src/ta_lab2/logging_setup.py,logging_setup.py,file,262,2025-11-01T00:21:28+00:00
src/ta_lab2/resample.py,resample.py,file,7466,2025-10-31T17:02:34+00:00
src/ta_lab2/__pycache__,__pycache__,dir,0,2025-11-01T18:30:14+00:00
src/ta_lab2/__pycache__/__init__.cpython-312.pyc,__init__.cpython-312.pyc,file,3735,2025-11-01T18:30:14+00:00
src/ta_lab2/__pycache__/cli.cpython-312.pyc,cli.cpython-312.pyc,file,1527,2025-11-01T04:42:44+00:00
src/ta_lab2/__pycache__/compare.cpython-312.pyc,compare.cpython-312.pyc,file,2407,2025-10-31T20:36:30+00:00
src/ta_lab2/__pycache__/config.cpython-312.pyc,config.cpython-312.pyc,file,1179,2025-11-01T16:13:49+00:00
src/ta_lab2/__pycache__/io.cpython-312.pyc,io.cpython-312.pyc,file,966,2025-10-31T20:36:30+00:00
src/ta_lab2/__pycache__/resample.cpython-312.pyc,resample.cpython-312.pyc,file,9360,2025-10-31T20:26:47+00:00
src/ta_lab2/analysis,analysis,dir,0,2025-11-03T04:18:06+00:00
src/ta_lab2/analysis/__init__.py,__init__.py,file,331,2025-11-03T04:18:06+00:00
src/ta_lab2/analysis/feature_eval.py,feature_eval.py,file,3806,2025-11-03T04:13:52+00:00
src/ta_lab2/analysis/parameter_sweep.py,parameter_sweep.py,file,1997,2025-11-03T04:13:12+00:00
src/ta_lab2/analysis/performance.py,performance.py,file,4805,2025-11-03T04:12:37+00:00
src/ta_lab2/analysis/regime_eval.py,regime_eval.py,file,2045,2025-11-03T04:14:45+00:00
src/ta_lab2/features,features,dir,0,2025-11-03T02:46:09+00:00
src/ta_lab2/features/__init__.py,__init__.py,file,1524,2025-11-01T18:32:51+00:00
src/ta_lab2/features/calendar.py,calendar.py,file,8990,2025-11-03T02:52:55+00:00
src/ta_lab2/features/correlation.py,correlation.py,file,2450,2025-11-01T04:51:35+00:00
src/ta_lab2/features/ema.py,ema.py,file,11172,2025-11-01T18:34:08+00:00
src/ta_lab2/features/feature_pack.py,feature_pack.py,file,2455,2025-11-03T02:41:08+00:00
src/ta_lab2/features/indicators.py,indicators.py,file,11008,2025-11-01T17:12:36+00:00
src/ta_lab2/features/resample.py,resample.py,file,7636,2025-11-03T03:10:13+00:00
src/ta_lab2/features/returns.py,returns.py,file,6044,2025-11-01T17:22:24+00:00
src/ta_lab2/features/segments.py,segments.py,file,2341,2025-11-01T16:34:18+00:00
src/ta_lab2/features/trend.py,trend.py,file,2541,2025-11-01T15:51:43+00:00
src/ta_lab2/features/vol.py,vol.py,file,8772,2025-11-01T15:03:11+00:00
src/ta_lab2/features/__pycache__,__pycache__,dir,0,2025-11-03T03:10:18+00:00
src/ta_lab2/features/__pycache__/__init__.cpython-312.pyc,__init__.cpython-312.pyc,file,1078,2025-11-01T18:34:41+00:00
src/ta_lab2/features/__pycache__/calendar.cpython-312.pyc,calendar.cpython-312.pyc,file,13146,2025-11-03T02:55:51+00:00
src/ta_lab2/features/__pycache__/correlation.cpython-312.pyc,correlation.cpython-312.pyc,file,5529,2025-11-01T15:47:19+00:00
src/ta_lab2/features/__pycache__/ema.cpython-312.pyc,ema.cpython-312.pyc,file,11372,2025-11-01T18:34:41+00:00
src/ta_lab2/features/__pycache__/feature_pack.cpython-312.pyc,feature_pack.cpython-312.pyc,file,3854,2025-11-03T02:49:44+00:00
src/ta_lab2/features/__pycache__/indicators.cpython-312.pyc,indicators.cpython-312.pyc,file,15425,2025-11-01T17:13:02+00:00
src/ta_lab2/features/__pycache__/resample.cpython-312.pyc,resample.cpython-312.pyc,file,9857,2025-11-03T03:10:18+00:00
src/ta_lab2/features/__pycache__/returns.cpython-312.pyc,returns.cpython-312.pyc,file,5678,2025-11-01T17:22:53+00:00
src/ta_lab2/features/__pycache__/segments.cpython-312.pyc,segments.cpython-312.pyc,file,3428,2025-11-01T16:38:59+00:00
src/ta_lab2/features/__pycache__/trend.cpython-312.pyc,trend.cpython-312.pyc,file,3759,2025-11-01T15:52:22+00:00
src/ta_lab2/features/__pycache__/vol.cpython-312.pyc,vol.cpython-312.pyc,file,10873,2025-11-01T15:47:19+00:00
src/ta_lab2/pipelines,pipelines,dir,0,2025-10-31T20:26:47+00:00
src/ta_lab2/pipelines/__init__.py,__init__.py,file,109,2025-10-31T20:05:01+00:00
src/ta_lab2/pipelines/btc_pipeline.py,btc_pipeline.py,file,14833,2025-11-02T04:33:31+00:00
src/ta_lab2/pipelines/__pycache__,__pycache__,dir,0,2025-11-02T04:35:19+00:00
src/ta_lab2/pipelines/__pycache__/__init__.cpython-312.pyc,__init__.cpython-312.pyc,file,233,2025-10-31T20:26:47+00:00
src/ta_lab2/pipelines/__pycache__/btc_pipeline.cpython-312.pyc,btc_pipeline.cpython-312.pyc,file,16770,2025-11-02T04:35:19+00:00
src/ta_lab2/regimes,regimes,dir,0,2025-11-01T16:34:37+00:00
src/ta_lab2/regimes/__init__.py,__init__.py,file,905,2025-11-01T16:37:22+00:00
src/ta_lab2/regimes/comovement.py,comovement.py,file,8180,2025-11-01T16:24:31+00:00
src/ta_lab2/regimes/flips.py,flips.py,file,3510,2025-10-31T18:17:38+00:00
src/ta_lab2/regimes/old_run_btc_pipeline.py,old_run_btc_pipeline.py,file,7769,2025-10-31T18:42:00+00:00
src/ta_lab2/regimes/run_btc_pipeline.py,run_btc_pipeline.py,file,2913,2025-11-01T18:40:07+00:00
src/ta_lab2/regimes/segments.py,segments.py,file,336,2025-11-01T16:34:37+00:00
src/ta_lab2/regimes/__pycache__,__pycache__,dir,0,2025-11-01T16:38:59+00:00
src/ta_lab2/regimes/__pycache__/__init__.cpython-312.pyc,__init__.cpython-312.pyc,file,739,2025-11-01T16:38:59+00:00
src/ta_lab2/regimes/__pycache__/comovement.cpython-312.pyc,comovement.cpython-312.pyc,file,11930,2025-11-01T16:24:59+00:00
src/ta_lab2/regimes/__pycache__/flips.cpython-312.pyc,flips.cpython-312.pyc,file,5605,2025-10-31T18:17:57+00:00
src/ta_lab2/regimes/__pycache__/run_btc_pipeline.cpython-312.pyc,run_btc_pipeline.cpython-312.pyc,file,1193,2025-11-01T04:42:33+00:00
src/ta_lab2/regimes/__pycache__/segments.cpython-312.pyc,segments.cpython-312.pyc,file,487,2025-11-01T16:38:59+00:00
src/ta_lab2/signals,signals,dir,0,2025-11-03T03:58:12+00:00
src/ta_lab2/signals/__init__.py,__init__.py,file,328,2025-11-03T03:57:08+00:00
src/ta_lab2/signals/generator.py,generator.py,file,3977,2025-11-03T03:58:12+00:00
src/ta_lab2/signals/rules.py,rules.py,file,1334,2025-11-03T03:57:44+00:00
src/ta_lab2/utils,utils,dir,0,2025-11-03T02:43:31+00:00
src/ta_lab2/utils/cache.py,cache.py,file,538,2025-11-03T02:43:31+00:00
src/ta_lab2/viz,viz,dir,0,2025-11-01T15:52:22+00:00
src/ta_lab2/viz/all_plots.py,all_plots.py,file,7585,2025-11-01T15:06:15+00:00
src/ta_lab2/viz/__pycache__,__pycache__,dir,0,2025-11-01T15:52:22+00:00
src/ta_lab2/viz/__pycache__/all_plots.cpython-312.pyc,all_plots.cpython-312.pyc,file,11425,2025-11-01T15:52:22+00:00
src/ta_lab2.egg-info,ta_lab2.egg-info,dir,0,2025-11-01T04:46:59+00:00
src/ta_lab2.egg-info/PKG-INFO,PKG-INFO,file,1148,2025-11-01T04:46:59+00:00
src/ta_lab2.egg-info/SOURCES.txt,SOURCES.txt,file,864,2025-11-01T04:46:59+00:00
src/ta_lab2.egg-info/dependency_links.txt,dependency_links.txt,file,1,2025-11-01T04:46:59+00:00
src/ta_lab2.egg-info/entry_points.txt,entry_points.txt,file,45,2025-11-01T04:46:59+00:00
src/ta_lab2.egg-info/requires.txt,requires.txt,file,66,2025-11-01T04:46:59+00:00
src/ta_lab2.egg-info/top_level.txt,top_level.txt,file,15,2025-11-01T04:46:59+00:00
tests,tests,dir,0,2025-11-01T15:47:19+00:00
tests/conftest.py,conftest.py,file,515,2025-11-01T00:53:04+00:00
tests/test_calendar.py,test_calendar.py,file,386,2025-11-01T15:23:15+00:00
tests/test_cli_paths.py,test_cli_paths.py,file,283,2025-11-01T00:19:51+00:00
tests/test_features_ema.py,test_features_ema.py,file,293,2025-11-01T00:20:39+00:00
tests/test_pipeline.py,test_pipeline.py,file,469,2025-11-01T15:23:48+00:00
tests/.benchmarks,.benchmarks,dir,0,2025-11-01T15:47:19+00:00
tests/__pycache__,__pycache__,dir,0,2025-11-01T15:47:20+00:00
tests/__pycache__/conftest.cpython-312-pytest-8.4.2.pyc,conftest.cpython-312-pytest-8.4.2.pyc,file,1018,2025-11-01T15:47:16+00:00
tests/__pycache__/test_calendar.cpython-312-pytest-8.4.2.pyc,test_calendar.cpython-312-pytest-8.4.2.pyc,file,1885,2025-11-01T15:47:19+00:00
tests/__pycache__/test_cli_paths.cpython-312-pytest-8.4.2.pyc,test_cli_paths.cpython-312-pytest-8.4.2.pyc,file,1757,2025-11-01T15:47:20+00:00
tests/__pycache__/test_features_ema.cpython-312-pytest-8.4.2.pyc,test_features_ema.cpython-312-pytest-8.4.2.pyc,file,2307,2025-11-01T15:47:20+00:00
tests/__pycache__/test_pipeline.cpython-312-pytest-8.4.2.pyc,test_pipeline.cpython-312-pytest-8.4.2.pyc,file,1539,2025-11-01T15:47:20+00:00
